{
  "timestamp": "2025-09-10 12:39:07",
  "count": 5,
  "delta_logP_mean": 1.3350257873535156,
  "delta_logP_ci95": 2.2380389490337786
}